-- --------------------------------------------------------
-- Host:                         127.0.0.1
-- Server version:               5.7.24 - MySQL Community Server (GPL)
-- Server OS:                    Win64
-- HeidiSQL Version:             9.4.0.5125
-- --------------------------------------------------------

/*!40101 SET @OLD_CHARACTER_SET_CLIENT=@@CHARACTER_SET_CLIENT */;
/*!40101 SET NAMES utf8 */;
/*!50503 SET NAMES utf8mb4 */;
/*!40014 SET @OLD_FOREIGN_KEY_CHECKS=@@FOREIGN_KEY_CHECKS, FOREIGN_KEY_CHECKS=0 */;
/*!40101 SET @OLD_SQL_MODE=@@SQL_MODE, SQL_MODE='NO_AUTO_VALUE_ON_ZERO' */;


-- Dumping structure for table rpitssr_sms.tbl_commune
CREATE TABLE IF NOT EXISTS `tbl_commune` (
  `comm_id` int(11) NOT NULL AUTO_INCREMENT,
  `dist_id` int(11) NOT NULL DEFAULT '0',
  `comm_kh_name` varchar(250) DEFAULT NULL,
  `comm_en_name` varchar(250) DEFAULT NULL,
  PRIMARY KEY (`comm_id`)
) ENGINE=InnoDB AUTO_INCREMENT=21406 DEFAULT CHARSET=utf8;

-- Dumping data for table rpitssr_sms.tbl_commune: ~167 rows (approximately)
/*!40000 ALTER TABLE `tbl_commune` DISABLE KEYS */;
INSERT INTO `tbl_commune` (`comm_id`, `dist_id`, `comm_kh_name`, `comm_en_name`) VALUES
	(10201, 102, NULL, 'Banteay Neang'),
	(10202, 102, NULL, 'Bat Trang'),
	(10203, 102, NULL, 'Chamnaom'),
	(10204, 102, NULL, 'Kouk Ballangk'),
	(10205, 102, NULL, 'Koy Maeng'),
	(10206, 102, NULL, 'Ou Prasat'),
	(10207, 102, NULL, 'Phnum Touch'),
	(10208, 102, NULL, 'Rohat Tuek'),
	(10209, 102, NULL, 'Ruessei Kraok'),
	(10210, 102, NULL, 'Sambuor'),
	(10211, 102, NULL, 'Soea'),
	(10212, 102, NULL, 'Srah Reang'),
	(10213, 102, NULL, 'Ta Lam'),
	(10301, 103, NULL, 'Nam Tau'),
	(10302, 103, NULL, 'Poy Char'),
	(10303, 103, NULL, 'Ponley'),
	(10304, 103, NULL, 'Spean Sraeng'),
	(10305, 103, NULL, 'Srah Chik'),
	(10306, 103, NULL, 'Phnum Dei'),
	(10401, 104, NULL, 'Chnuor Mean Chey'),
	(10402, 104, NULL, 'Chob Vari'),
	(10403, 104, NULL, 'Phnum Lieb'),
	(10404, 104, NULL, 'Prasat'),
	(10405, 104, NULL, 'Preak Netr Preah'),
	(10406, 104, NULL, 'Rohal'),
	(10407, 104, NULL, 'Tean Kam'),
	(10408, 104, NULL, 'Tuek Chour'),
	(10409, 104, NULL, 'Bos Sbov'),
	(10501, 105, NULL, 'Changha'),
	(10502, 105, NULL, 'Koub'),
	(10503, 105, NULL, 'Kuttasat'),
	(10505, 105, NULL, 'Samraong'),
	(10506, 105, NULL, 'Souphi'),
	(10507, 105, NULL, 'Soengh'),
	(10509, 105, NULL, 'Ou Beichoan'),
	(10602, 106, NULL, 'Kampong Svay'),
	(10603, 106, NULL, 'Kaoh Pong Satv'),
	(10604, 106, NULL, 'Mkak'),
	(10605, 106, NULL, 'Ou Ambel'),
	(10606, 106, NULL, 'Phniet'),
	(10607, 106, NULL, 'Preah Ponlea'),
	(10608, 106, NULL, 'Tuek Thla'),
	(10701, 107, NULL, 'Banteay Chhmar'),
	(10702, 107, NULL, 'Kouk Romiet'),
	(10703, 107, NULL, 'Phum Thmei'),
	(10704, 107, NULL, 'Thma Puok'),
	(10705, 107, NULL, 'Kouk Kakthen'),
	(10706, 107, NULL, 'Kumru'),
	(10801, 108, NULL, 'Phkoam'),
	(10802, 108, NULL, 'Sarongk'),
	(10803, 108, NULL, 'Sla Kram'),
	(10804, 108, NULL, 'Svay Chek'),
	(10805, 108, NULL, 'Ta Baen'),
	(10806, 108, NULL, 'Ta Phou'),
	(10807, 108, NULL, 'Treas'),
	(10808, 108, NULL, 'Roluos'),
	(10901, 109, NULL, 'Boeng Beng'),
	(10902, 109, NULL, 'Malai'),
	(10903, 109, NULL, 'Ou Sampoar'),
	(10904, 109, NULL, 'Ou Sralau'),
	(10905, 109, NULL, 'Tuol Pongro'),
	(10906, 109, NULL, 'Ta Kong'),
	(11001, 110, NULL, 'Nimitt'),
	(11002, 110, NULL, 'Paoy Paet'),
	(11003, 110, NULL, 'Phsar Kandal'),
	(20101, 201, NULL, 'Kantueu Muoy'),
	(20102, 201, NULL, 'Kantueu Pir'),
	(20103, 201, NULL, 'Bay Damram'),
	(20104, 201, NULL, 'Chheu Teal'),
	(20105, 201, NULL, 'Chaeng Mean Chey'),
	(20106, 201, NULL, 'Phnum Sampov'),
	(20107, 201, NULL, 'Snoeng'),
	(20108, 201, NULL, 'Ta Kream'),
	(20201, 202, NULL, 'Ta Pung'),
	(20202, 202, NULL, 'Ta Meun'),
	(20203, 202, NULL, 'Ou Ta Ki'),
	(20204, 202, NULL, 'Chrey'),
	(20205, 202, NULL, 'Anlong Run'),
	(20206, 202, NULL, 'Chrouy Sdau'),
	(20207, 202, NULL, 'Boeng Pring'),
	(20208, 202, NULL, 'Kouk Khmum'),
	(20209, 202, NULL, 'Bansay Traeng'),
	(20210, 202, NULL, 'Rung Chrey'),
	(20301, 203, NULL, 'Tuol Ta Ek'),
	(20302, 203, NULL, 'Prek Preah Sdach'),
	(20303, 203, NULL, 'Rottanak'),
	(20304, 203, NULL, 'Chomkar Somraong'),
	(20305, 203, NULL, 'Sla Ket'),
	(20306, 203, NULL, 'Kdol Doun Teav'),
	(20307, 203, NULL, 'OMal'),
	(20308, 203, NULL, 'wat Kor'),
	(20309, 203, NULL, 'Ou Char'),
	(20310, 203, NULL, 'Svay Por'),
	(20401, 204, NULL, 'Bavel'),
	(20402, 204, NULL, 'Khnach Romeas'),
	(20403, 204, NULL, 'Lvea'),
	(20404, 204, NULL, 'Prey Khpos'),
	(20405, 204, NULL, 'Ampil Pram Daeum'),
	(20406, 204, NULL, 'Kdol Ta Haen'),
	(20407, 204, NULL, 'Khlaeng Meas'),
	(20408, 204, NULL, 'Boeung Pram'),
	(20501, 205, NULL, 'Preaek Norint'),
	(20502, 205, NULL, 'Samraong Knong'),
	(20503, 205, NULL, 'Preaek Khpob'),
	(20504, 205, NULL, 'Preaek Luong'),
	(20505, 205, NULL, 'Peam Aek'),
	(20506, 205, NULL, 'Prey Chas'),
	(20507, 205, NULL, 'Kaoh Chiveang'),
	(20601, 206, NULL, 'Moung'),
	(20602, 206, NULL, 'Kear'),
	(20603, 206, NULL, 'Prey Svay'),
	(20604, 206, NULL, 'Ruessei Krang'),
	(20605, 206, NULL, 'Chrey'),
	(20606, 206, NULL, 'Ta Loas'),
	(20607, 206, NULL, 'Kakaoh'),
	(20608, 206, NULL, 'Prey Touch'),
	(20609, 206, NULL, 'Robas Mongkol'),
	(20701, 207, NULL, 'Sdau'),
	(20702, 207, NULL, 'Andaeuk Haeb'),
	(20703, 207, NULL, 'Phlov Meas'),
	(20704, 207, NULL, 'Traeng'),
	(20705, 207, NULL, 'Reaksmei Songha'),
	(20801, 208, NULL, 'Anlong Vil'),
	(20802, 208, NULL, 'Norea'),
	(20803, 208, NULL, 'Ta Pon'),
	(20804, 208, NULL, 'Roka'),
	(20805, 208, NULL, 'Kampong Preah'),
	(20806, 208, NULL, 'Kampong Prieng'),
	(20807, 208, NULL, 'Reang Kesei'),
	(20808, 208, NULL, 'Ou Dambang Muoy'),
	(20809, 208, NULL, 'Ou Dambang Pir'),
	(20810, 208, NULL, 'Vaot Ta Muem'),
	(20901, 209, NULL, 'Ta Taok'),
	(20902, 209, NULL, 'Kampong Lpov'),
	(20903, 209, NULL, 'Ou Samril'),
	(20904, 209, NULL, 'Sung'),
	(20905, 209, NULL, 'Samlout'),
	(20906, 209, NULL, 'Mean Chey'),
	(20907, 209, NULL, 'Ta Sanh'),
	(21001, 210, NULL, 'Sampov Lun'),
	(21002, 210, NULL, 'Angkor Ban'),
	(21003, 210, NULL, 'Ta Sda'),
	(21004, 210, NULL, 'Santepheap'),
	(21005, 210, NULL, 'Serei Mean Chey'),
	(21006, 210, NULL, 'Chrey Seima'),
	(21101, 211, NULL, 'Phnum Proek'),
	(21102, 211, NULL, 'Pech Chenda'),
	(21103, 211, NULL, 'Bour'),
	(21104, 211, NULL, 'Barang Thleak'),
	(21105, 211, NULL, 'Ou Rumduol'),
	(21201, 212, NULL, 'Kamrieng'),
	(21202, 212, NULL, 'Boeng Reang'),
	(21203, 212, NULL, 'Ou Da'),
	(21204, 212, NULL, 'Trang'),
	(21205, 212, NULL, 'Ta Saen'),
	(21206, 212, NULL, 'Ta Krei'),
	(21301, 213, NULL, 'Thipakdei'),
	(21302, 213, NULL, 'Kaos Krala'),
	(21303, 213, NULL, 'Hab'),
	(21304, 213, NULL, 'Preah Phos'),
	(21305, 213, NULL, 'Doun Ba'),
	(21306, 213, NULL, 'Chhnal Moan'),
	(21401, 214, NULL, 'Preaek Chik'),
	(21402, 214, NULL, 'Prey Tralach'),
	(21403, 214, NULL, 'Mukh Reah'),
	(21404, 214, NULL, 'Sdok Pravoek'),
	(21405, 214, NULL, 'Basak');
/*!40000 ALTER TABLE `tbl_commune` ENABLE KEYS */;

-- Dumping structure for table rpitssr_sms.tbl_district
CREATE TABLE IF NOT EXISTS `tbl_district` (
  `dist_id` int(11) NOT NULL AUTO_INCREMENT,
  `prov_id` int(11) NOT NULL DEFAULT '0',
  `dist_kh_name` varchar(250) DEFAULT NULL,
  `dist_en_name` varchar(250) DEFAULT NULL,
  PRIMARY KEY (`dist_id`)
) ENGINE=InnoDB AUTO_INCREMENT=215 DEFAULT CHARSET=utf8;

-- Dumping data for table rpitssr_sms.tbl_district: ~23 rows (approximately)
/*!40000 ALTER TABLE `tbl_district` DISABLE KEYS */;
INSERT INTO `tbl_district` (`dist_id`, `prov_id`, `dist_kh_name`, `dist_en_name`) VALUES
	(102, 1, NULL, 'Mongkol Borei'),
	(103, 1, NULL, 'Phnum Srok'),
	(104, 1, NULL, 'Preah Netr Preah'),
	(105, 1, NULL, 'Ou Chrov'),
	(106, 1, NULL, 'Serei Saophoan'),
	(107, 1, NULL, 'Thma Puok'),
	(108, 1, NULL, 'Svay Chek'),
	(109, 1, NULL, 'Malai'),
	(110, 1, NULL, 'Paoy Paet'),
	(201, 2, NULL, 'Banan'),
	(202, 2, NULL, 'Thma Koul'),
	(203, 2, NULL, 'Battambang'),
	(204, 2, NULL, 'Bavel'),
	(205, 2, NULL, 'Aek Phnum'),
	(206, 2, NULL, 'Moung Ruessei'),
	(207, 2, NULL, 'Rotonak Mondol'),
	(208, 2, NULL, 'Sangkae'),
	(209, 2, NULL, 'Samlout'),
	(210, 2, NULL, 'Sampov Lun'),
	(211, 2, NULL, 'Phnum Proek'),
	(212, 2, NULL, 'Kamrieng'),
	(213, 2, NULL, 'Koas Krala'),
	(214, 2, NULL, 'Rukh Kiri');
/*!40000 ALTER TABLE `tbl_district` ENABLE KEYS */;

-- Dumping structure for table rpitssr_sms.tbl_province
CREATE TABLE IF NOT EXISTS `tbl_province` (
  `prov_id` int(11) NOT NULL AUTO_INCREMENT,
  `prov_kh_name` varchar(250) DEFAULT NULL,
  `prov_en_name` varchar(250) DEFAULT NULL,
  PRIMARY KEY (`prov_id`)
) ENGINE=InnoDB AUTO_INCREMENT=26 DEFAULT CHARSET=utf8;

-- Dumping data for table rpitssr_sms.tbl_province: ~25 rows (approximately)
/*!40000 ALTER TABLE `tbl_province` DISABLE KEYS */;
INSERT INTO `tbl_province` (`prov_id`, `prov_kh_name`, `prov_en_name`) VALUES
	(1, NULL, 'Banteay Meanchey'),
	(2, NULL, 'Battambang'),
	(3, NULL, 'Kampong Cham'),
	(4, NULL, 'Kampong Chhnang'),
	(5, NULL, 'Kampong Speu'),
	(6, NULL, 'Kampong Thom'),
	(7, NULL, 'Kampot'),
	(8, NULL, 'Kandal'),
	(9, NULL, 'Koh Kong'),
	(10, NULL, 'Kratie'),
	(11, NULL, 'Mondul Kiri'),
	(12, NULL, 'Phnom Penh'),
	(13, NULL, 'Preah Vihear'),
	(14, NULL, 'Prey Veng'),
	(15, NULL, 'Pursat'),
	(16, NULL, 'Ratanak Kiri'),
	(17, NULL, 'Siem Reap'),
	(18, NULL, 'Preah Sihanouk'),
	(19, NULL, 'Stung Treng'),
	(20, NULL, 'Svay Rieng'),
	(21, NULL, 'Takeo'),
	(22, NULL, 'Otdar Meanchey'),
	(23, NULL, 'Kep'),
	(24, NULL, 'Pailin'),
	(25, NULL, 'Tbong Khmum');
/*!40000 ALTER TABLE `tbl_province` ENABLE KEYS */;

/*!40101 SET SQL_MODE=IFNULL(@OLD_SQL_MODE, '') */;
/*!40014 SET FOREIGN_KEY_CHECKS=IF(@OLD_FOREIGN_KEY_CHECKS IS NULL, 1, @OLD_FOREIGN_KEY_CHECKS) */;
/*!40101 SET CHARACTER_SET_CLIENT=@OLD_CHARACTER_SET_CLIENT */;
